producto_id,nombre,categoria
1,Thank Age,Tecnología
2,Movie Trip,Hogar
3,Medical Kid,Oficina
4,Offer Single,Oficina
5,Matter Public,Hogar
6,Administration Total,Hogar
7,Fire Glass,Tecnología
8,Science Behind,Hogar
9,Arm Dream,Oficina
10,Minute Stop,Oficina
11,Authority Article,Hogar
12,Term Project,Oficina
13,Stand Upon,Hogar
14,Wear Amount,Tecnología
15,Write Forget,Oficina
16,Collection Form,Oficina
17,These East,Oficina
18,Create Television,Hogar
19,Soon Career,Tecnología
20,Effect Will,Hogar
21,Past Stop,Hogar
22,Baby Church,Tecnología
23,Onto Wide,Tecnología
24,Manager Heavy,Hogar
25,Network Our,Hogar
26,Listen Bank,Oficina
27,Community Threat,Tecnología
28,Rise Establish,Hogar
29,Room Simple,Tecnología
30,Charge Save,Hogar
31,Property Data,Tecnología
32,Fish Exactly,Oficina
33,Sea Seek,Hogar
34,Memory Be,Hogar
35,Dinner Skin,Hogar
36,Include Price,Oficina
37,Serious Receive,Oficina
38,They Strong,Oficina
39,Structure Cause,Hogar
40,Amount Area,Hogar
41,Result Institution,Oficina
42,At Leader,Hogar
43,College Expect,Oficina
44,Just Wear,Oficina
45,Stay The,Tecnología
46,Majority Himself,Hogar
47,Million Sense,Tecnología
48,Owner Medical,Tecnología
49,He Dog,Oficina
50,Then Seek,Hogar
51,Lose Price,Tecnología
52,News Onto,Tecnología
53,Action When,Tecnología
54,Material Bad,Hogar
55,Chair Pull,Hogar
56,Order Hundred,Hogar
57,Response Crime,Tecnología
58,Structure Travel,Hogar
59,Data Act,Tecnología
60,Material Institution,Oficina
61,Media Consider,Hogar
62,Nature Note,Tecnología
63,Lead Animal,Hogar
64,Sing Part,Tecnología
65,Mission Against,Oficina
66,So Stage,Hogar
67,Production Decision,Hogar
68,Item Somebody,Tecnología
69,Cup Test,Hogar
70,Likely Issue,Oficina
71,Western More,Oficina
72,Between Material,Tecnología
73,Million College,Oficina
74,Likely Development,Hogar
75,Add Serious,Oficina
76,Rise Whom,Tecnología
77,Catch Customer,Tecnología
78,Form Long,Oficina
79,Major Daughter,Hogar
80,Then Too,Hogar
81,Sea Authority,Hogar
82,Everything Various,Tecnología
83,Medical Person,Tecnología
84,Feel Degree,Tecnología
85,Very Memory,Hogar
86,Politics Development,Tecnología
87,Three Including,Oficina
88,Student Should,Oficina
89,Them Put,Tecnología
90,Enter Affect,Hogar
91,Purpose Recent,Hogar
92,Without Before,Tecnología
93,Agency Threat,Tecnología
94,Cold Tree,Oficina
95,Letter Recognize,Tecnología
96,Stop Bad,Tecnología
97,Resource Cost,Tecnología
98,Stuff Order,Hogar
99,Course Teach,Hogar
100,Reduce Herself,Oficina
101,Success Trip,Oficina
102,Serve Figure,Hogar
103,Art Office,Oficina
104,Price Development,Oficina
105,Step Discover,Oficina
106,Never Contain,Tecnología
107,May Rest,Tecnología
108,Art Require,Hogar
109,Four Able,Tecnología
110,Gun Set,Tecnología
111,See Question,Hogar
112,Myself Word,Oficina
113,Perform Near,Tecnología
114,Improve Keep,Oficina
115,Partner Visit,Oficina
116,Country Explain,Tecnología
117,North Economy,Tecnología
118,Pick Threat,Oficina
119,Concern Approach,Hogar
120,Nearly Some,Oficina
121,American Play,Oficina
122,List Sure,Hogar
123,Name Relationship,Tecnología
124,Protect Standard,Tecnología
125,Help Until,Tecnología
126,Be Own,Oficina
127,Building Between,Oficina
128,Event Industry,Hogar
129,Support Third,Hogar
130,Wife Example,Tecnología
131,Ok This,Tecnología
132,Know Mean,Oficina
133,Cultural Eat,Tecnología
134,Evening Realize,Oficina
135,Single Seven,Oficina
136,Development Anyone,Tecnología
137,Your To,Tecnología
138,Daughter Above,Oficina
139,Source Cover,Tecnología
140,Drop Interest,Oficina
141,Clearly Attorney,Hogar
142,Operation Civil,Oficina
143,Place Trip,Hogar
144,Operation Hotel,Tecnología
145,Green Machine,Tecnología
146,Myself Room,Tecnología
147,Relate Only,Oficina
148,Run Around,Hogar
149,Still Thing,Hogar
150,Effect Fish,Tecnología
151,Husband Soldier,Hogar
152,Civil Year,Oficina
153,Nor Them,Hogar
154,Stay Peace,Tecnología
155,Before Even,Tecnología
156,Certainly Nation,Oficina
157,Wear Idea,Oficina
158,Cultural Necessary,Tecnología
159,Peace Read,Oficina
160,Current Apply,Hogar
161,Allow Lose,Hogar
162,Above Gun,Oficina
163,Political When,Tecnología
164,Safe Before,Hogar
165,Note Sit,Tecnología
166,Hour Agree,Oficina
167,Budget Side,Oficina
168,Capital Behind,Tecnología
169,Much Pay,Hogar
170,Great Family,Oficina
171,Actually With,Hogar
172,Officer Baby,Oficina
173,Act Goal,Hogar
174,Allow Hit,Hogar
175,System Capital,Oficina
176,Use Point,Oficina
177,Study Important,Oficina
178,Which Station,Hogar
179,Memory By,Hogar
180,American Author,Tecnología
181,Your Risk,Hogar
182,Office Human,Oficina
183,At Remember,Oficina
184,Live Even,Hogar
185,Big Such,Tecnología
186,Experience Class,Tecnología
187,Onto Smile,Tecnología
188,Important Bag,Tecnología
189,Job Painting,Hogar
190,Congress North,Hogar
191,Capital Stage,Hogar
192,Friend Until,Oficina
193,Card Course,Oficina
194,Type Girl,Oficina
195,Experience Assume,Oficina
196,Marriage Affect,Oficina
197,List Information,Oficina
198,Note Democrat,Hogar
199,Far High,Oficina
200,Soldier Too,Oficina
201,Hospital Scene,Tecnología
202,Once First,Hogar
203,Growth Off,Oficina
204,Food Company,Hogar
205,Hour Member,Tecnología
206,Play They,Oficina
207,Late And,Tecnología
208,Next Free,Oficina
209,Performance Start,Hogar
210,Theory Lay,Tecnología
211,Who Computer,Tecnología
212,Control Region,Hogar
213,Hold Else,Hogar
214,Anyone Teacher,Hogar
215,Manage Paper,Tecnología
216,Safe Serve,Hogar
217,Culture Just,Oficina
218,Heavy Treatment,Tecnología
219,Lead Risk,Oficina
220,Really Cut,Tecnología
221,Under Account,Hogar
222,Increase Matter,Oficina
223,These Candidate,Hogar
224,Again Almost,Tecnología
225,More Wonder,Oficina
226,Shoulder Congress,Oficina
227,Fast Because,Hogar
228,Million Firm,Oficina
229,Once Guy,Tecnología
230,Team Sea,Oficina
231,Work Person,Oficina
232,Reach Inside,Tecnología
233,Skill Board,Tecnología
234,Customer Ago,Oficina
235,Real Drive,Oficina
236,Have Suggest,Oficina
237,Avoid Positive,Oficina
238,Early Share,Oficina
239,Study Up,Oficina
240,Into Participant,Hogar
241,Outside Item,Oficina
242,These Stay,Tecnología
243,Range Public,Tecnología
244,Lay However,Oficina
245,Sure End,Oficina
246,Two This,Hogar
247,Some Morning,Hogar
248,Performance Democratic,Tecnología
249,Vote Country,Hogar
250,Research Safe,Hogar
251,People Member,Hogar
252,Movie Teacher,Hogar
253,Middle Here,Oficina
254,Determine Position,Oficina
255,Great In,Tecnología
256,Surface Answer,Oficina
257,Increase Science,Hogar
258,Since Each,Tecnología
259,Then Mr,Oficina
260,Question Prove,Oficina
261,Certainly Likely,Oficina
262,Include Woman,Tecnología
263,Son Career,Tecnología
264,Bar Movement,Hogar
265,Cultural Number,Oficina
266,Address Watch,Oficina
267,Story Continue,Tecnología
268,Would Task,Hogar
269,Number Change,Hogar
270,Third Better,Oficina
271,Not Economy,Hogar
272,Floor Fine,Oficina
273,Gas Perhaps,Hogar
274,Receive Fear,Tecnología
275,Federal Fall,Hogar
276,Staff Military,Hogar
277,Available Wear,Oficina
278,Another Pay,Tecnología
279,Federal Strong,Tecnología
280,Inside Specific,Oficina
281,Say Single,Oficina
282,Town Suffer,Tecnología
283,Last Build,Hogar
284,Administration Allow,Oficina
285,Less Full,Tecnología
286,View For,Oficina
287,Summer Who,Hogar
288,On Environment,Tecnología
289,School With,Hogar
290,Movie Particular,Hogar
291,Hour Candidate,Tecnología
292,Process Face,Hogar
293,Check Particularly,Tecnología
294,Wind None,Oficina
295,Guess Break,Tecnología
296,Charge Happy,Oficina
297,Its Indicate,Tecnología
298,Culture Four,Tecnología
299,Movie Hard,Oficina
300,Land Mr,Hogar
301,Produce Person,Oficina
302,Kind Development,Hogar
303,Family Marriage,Hogar
304,How Recent,Oficina
305,Republican Cover,Hogar
306,Option Product,Oficina
307,Later Interesting,Tecnología
308,Long Collection,Hogar
309,Bed Growth,Hogar
310,Official Race,Hogar
311,Perform Agree,Oficina
312,Marriage Fast,Hogar
313,Modern Blood,Tecnología
314,Sea Behavior,Tecnología
315,Whatever Military,Tecnología
316,Each Generation,Oficina
317,Deep Ground,Oficina
318,Worker Poor,Oficina
319,Truth Day,Tecnología
320,Walk Today,Oficina
321,Line Wish,Tecnología
322,Almost Air,Hogar
323,Health Boy,Oficina
324,Agent White,Tecnología
325,Late Economy,Oficina
326,Civil Hotel,Oficina
327,Wife Seek,Tecnología
328,Guess All,Hogar
329,Only Population,Tecnología
330,Want Office,Tecnología
331,Seven Traditional,Oficina
332,Whole Job,Oficina
333,Author No,Tecnología
334,Old Bring,Oficina
335,Loss Forward,Hogar
336,Police Able,Tecnología
337,Trouble Because,Oficina
338,Which Benefit,Tecnología
339,One These,Oficina
340,Would Space,Tecnología
341,Report Lawyer,Hogar
342,Section Career,Oficina
343,Approach Security,Oficina
344,Pick East,Oficina
345,Officer Listen,Tecnología
346,Stock Only,Oficina
347,Race Thing,Hogar
348,Structure Record,Oficina
349,Quality Environmental,Tecnología
350,Maybe Church,Oficina
351,Tree Whom,Hogar
352,Account Weight,Tecnología
353,Strong Product,Tecnología
354,Late Coach,Hogar
355,Fish Woman,Hogar
356,Compare Leave,Oficina
357,Yet Whole,Hogar
358,Event Health,Hogar
359,Between History,Hogar
360,Strong By,Oficina
361,Age Seven,Tecnología
362,Senior Once,Oficina
363,Almost Happy,Tecnología
364,Court Challenge,Tecnología
365,Much Education,Oficina
366,Quickly Step,Hogar
367,Argue Truth,Tecnología
368,Water Up,Tecnología
369,Argue Feeling,Tecnología
370,Sit She,Tecnología
371,His Might,Tecnología
372,Pass Mother,Tecnología
373,Eight Series,Oficina
374,Shake Pick,Hogar
375,Such Thank,Hogar
376,Will Lawyer,Oficina
377,Personal Main,Hogar
378,Action Southern,Tecnología
379,Body Religious,Tecnología
380,Represent Man,Tecnología
381,Sit Subject,Hogar
382,Center Event,Oficina
383,Admit White,Oficina
384,Read Current,Oficina
385,If Really,Hogar
386,Our Part,Hogar
387,Investment Lose,Tecnología
388,Former South,Hogar
389,Night Reflect,Oficina
390,Tree Program,Oficina
391,Candidate Less,Tecnología
392,Accept Choice,Hogar
393,Adult Number,Oficina
394,Decade Or,Hogar
395,Check Board,Tecnología
396,Star Attack,Hogar
397,Part Still,Tecnología
398,Strong Anyone,Oficina
399,View Various,Hogar
400,Cut Visit,Tecnología
401,Seat Cold,Hogar
402,Voice Evening,Oficina
403,Father Six,Tecnología
404,Season Institution,Oficina
405,Party Establish,Tecnología
406,Simply Sort,Tecnología
407,Short American,Oficina
408,Myself Quickly,Oficina
409,Cause Each,Hogar
410,Community Himself,Oficina
411,Other The,Tecnología
412,Firm Week,Tecnología
413,Cell Network,Tecnología
414,Main Try,Oficina
415,Set Car,Hogar
416,Financial Per,Tecnología
417,Huge Share,Tecnología
418,Society Figure,Tecnología
419,Music History,Oficina
420,Natural Pressure,Oficina
421,Analysis Head,Hogar
422,Boy Author,Tecnología
423,Ball Than,Oficina
424,Single Five,Tecnología
425,Six Late,Oficina
426,Training Director,Oficina
427,Blood Music,Oficina
428,Skill Two,Oficina
429,Music Notice,Oficina
430,Happen To,Hogar
431,Behind Part,Hogar
432,Feel Increase,Tecnología
433,Medical Could,Oficina
434,Include Social,Tecnología
435,Trip Society,Tecnología
436,Scientist Middle,Hogar
437,Raise Stock,Hogar
438,Central Skin,Hogar
439,Employee Store,Hogar
440,Success Activity,Hogar
441,Above Hit,Oficina
442,Skin Public,Oficina
443,Direction Article,Oficina
444,Medical Real,Hogar
445,Lead Budget,Hogar
446,Until Senior,Hogar
447,Half Under,Hogar
448,Voice Through,Tecnología
449,Social Scientist,Tecnología
450,Director Tough,Tecnología
451,Various Low,Tecnología
452,Near The,Tecnología
453,Night Against,Oficina
454,Yet Either,Oficina
455,Win Price,Oficina
456,Power Assume,Tecnología
457,With Drop,Hogar
458,Successful Court,Hogar
459,Life Possible,Tecnología
460,Cost Enough,Tecnología
461,Commercial Form,Hogar
462,Effort Exactly,Oficina
463,Mrs Until,Oficina
464,Enter Wind,Hogar
465,Him Local,Tecnología
466,Lose Wrong,Tecnología
467,Affect Analysis,Oficina
468,Time Town,Tecnología
469,Name Course,Tecnología
470,Provide Sound,Oficina
471,Dark Service,Tecnología
472,Why Together,Tecnología
473,Compare Animal,Oficina
474,Baby Line,Hogar
475,Song Tough,Tecnología
476,Lay Air,Oficina
477,Garden Seven,Tecnología
478,How The,Oficina
479,Into Who,Tecnología
480,Something Upon,Hogar
481,Good Actually,Hogar
482,Computer These,Oficina
483,Young Each,Tecnología
484,Research Beat,Oficina
485,Floor Statement,Oficina
486,Expect Run,Hogar
487,Nature Space,Tecnología
488,Moment Position,Oficina
489,Over Quite,Oficina
490,Environmental Old,Hogar
491,Particularly President,Tecnología
492,Reflect Bank,Tecnología
493,Thousand Population,Hogar
494,Nothing Store,Hogar
495,Discussion Four,Hogar
496,Woman Carry,Hogar
497,Total Behind,Oficina
498,Shoulder Edge,Hogar
499,Commercial Stay,Oficina
500,Ask Product,Hogar
501,Fear Shake,Hogar
502,Order Voice,Hogar
503,Car That,Tecnología
504,Parent Example,Tecnología
505,Blue Remember,Hogar
506,Color Positive,Tecnología
507,Purpose Late,Tecnología
508,Just Like,Tecnología
509,Concern Eat,Tecnología
510,Figure Determine,Tecnología
511,Itself Work,Tecnología
512,Decade Movie,Oficina
513,Add Serious,Tecnología
514,World Should,Tecnología
515,Thousand Budget,Oficina
516,Thing Southern,Hogar
517,Involve Air,Tecnología
518,Usually From,Oficina
519,Value Quickly,Oficina
520,Break Way,Oficina
521,Teacher Clearly,Tecnología
522,Hear When,Tecnología
523,Old Brother,Hogar
524,Money Blue,Hogar
525,Stock Begin,Oficina
526,Piece Rule,Tecnología
527,Chance Fast,Oficina
528,Positive Big,Oficina
529,Room Television,Tecnología
530,Letter Behind,Tecnología
531,Condition Dark,Oficina
532,Reduce Explain,Tecnología
533,Left Sell,Oficina
534,Career Indeed,Hogar
535,Determine Rock,Oficina
536,American Health,Hogar
537,Support Career,Hogar
538,Artist Then,Hogar
539,Wife Difficult,Tecnología
540,Indeed Manager,Tecnología
541,Oil Capital,Hogar
542,Design Stay,Hogar
543,The Act,Hogar
544,Town Former,Hogar
545,Tell Adult,Hogar
546,Accept Per,Tecnología
547,Big Whatever,Tecnología
548,Her Morning,Hogar
549,Hear Beat,Oficina
550,Type Matter,Oficina
551,Ahead Movie,Tecnología
552,Hear Increase,Tecnología
553,True Money,Hogar
554,Water Organization,Hogar
555,Poor Task,Hogar
556,Leg Image,Tecnología
557,Decide Sure,Oficina
558,Bit State,Hogar
559,Often Five,Hogar
560,Forget Note,Tecnología
561,Especially Laugh,Hogar
562,Participant Everybody,Hogar
563,Sound Whatever,Tecnología
564,Should Center,Tecnología
565,Begin Ahead,Tecnología
566,Middle Away,Hogar
567,Tough Parent,Hogar
568,Although Read,Hogar
569,With Kind,Hogar
570,Increase Street,Tecnología
571,Find Everyone,Hogar
572,Might Huge,Tecnología
573,Together Region,Hogar
574,Put When,Tecnología
575,Real Democratic,Tecnología
576,Skill Serve,Oficina
577,Public Apply,Hogar
578,Shoulder Scientist,Hogar
579,Cultural Hotel,Hogar
580,Represent Pick,Oficina
581,I Environment,Hogar
582,Difference Support,Tecnología
583,Way Nearly,Tecnología
584,Democrat Large,Hogar
585,Enough Republican,Tecnología
586,Perform Its,Hogar
587,Many Assume,Tecnología
588,Believe Pm,Tecnología
589,Statement Begin,Oficina
590,Important Age,Hogar
591,Tv Focus,Hogar
592,Our Often,Oficina
593,Church Main,Oficina
594,Investment Attack,Tecnología
595,Dog Evening,Oficina
596,Goal Statement,Tecnología
597,Summer Beat,Oficina
598,Factor Along,Hogar
599,Bill Understand,Oficina
600,Thing Tree,Tecnología
601,Kitchen Far,Hogar
602,Onto Range,Tecnología
603,Avoid Per,Tecnología
604,Wind Cell,Oficina
605,The One,Oficina
606,Table Member,Tecnología
607,Consumer Street,Oficina
608,Key Need,Oficina
609,Tonight Star,Oficina
610,Mother Citizen,Oficina
611,Box Film,Oficina
612,Military Picture,Tecnología
613,During Amount,Hogar
614,Interview Memory,Hogar
615,Position Personal,Tecnología
616,Get Store,Oficina
617,Stuff Color,Tecnología
618,Successful Stay,Hogar
619,Modern Society,Tecnología
620,Onto Senior,Hogar
621,Identify Subject,Tecnología
622,Hour Sign,Oficina
623,Whether Star,Oficina
624,Concern Stage,Oficina
625,More Front,Tecnología
626,Detail By,Tecnología
627,Health Quality,Tecnología
628,Become Moment,Oficina
629,Free Challenge,Tecnología
630,Structure Left,Tecnología
631,Soldier Apply,Oficina
632,How Kid,Tecnología
633,It Relate,Hogar
634,Already Strategy,Hogar
635,Look Campaign,Hogar
636,Chance Large,Tecnología
637,Participant Turn,Oficina
638,Six Ask,Oficina
639,Industry Guess,Oficina
640,Even Have,Hogar
641,Future Fear,Oficina
642,Scientist Store,Tecnología
643,Office It,Hogar
644,Carry Together,Hogar
645,Apply Cup,Oficina
646,Time Skin,Tecnología
647,Already Analysis,Tecnología
648,Increase Later,Oficina
649,Certain Organization,Oficina
650,True Food,Hogar
651,President Place,Tecnología
652,Account Staff,Hogar
653,Necessary Find,Oficina
654,Least Effect,Oficina
655,Break Bank,Hogar
656,Plant Because,Tecnología
657,Offer Either,Hogar
658,Meet House,Tecnología
659,Article Five,Oficina
660,Along Serious,Tecnología
661,Class Its,Tecnología
662,Data Blue,Hogar
663,Movie Author,Hogar
664,Well All,Oficina
665,Meeting By,Oficina
666,Region Street,Hogar
667,Past Beautiful,Tecnología
668,Up Threat,Hogar
669,Military Tonight,Tecnología
670,Group Cup,Tecnología
671,Major Learn,Oficina
672,Where Daughter,Hogar
673,Continue Study,Oficina
674,Mission May,Tecnología
675,Any Best,Oficina
676,For White,Oficina
677,Lawyer Pass,Tecnología
678,Task Sing,Hogar
679,Fill Floor,Oficina
680,Something Safe,Hogar
681,Stop Fine,Hogar
682,Not American,Tecnología
683,Cover Must,Hogar
684,More Shake,Oficina
685,Performance Prevent,Tecnología
686,Total Soldier,Tecnología
687,History Alone,Oficina
688,Offer Audience,Tecnología
689,Clear Side,Oficina
690,Light Wait,Hogar
691,Wife Thousand,Tecnología
692,Thing Seek,Tecnología
693,Claim Blood,Tecnología
694,Budget Democratic,Oficina
695,Perhaps Use,Tecnología
696,Attack She,Oficina
697,Tree Everyone,Oficina
698,Somebody Address,Hogar
699,Special Kind,Hogar
700,Force Peace,Tecnología
701,Push No,Hogar
702,Data And,Oficina
703,Civil Safe,Tecnología
704,Government Compare,Hogar
705,Animal Return,Oficina
706,Station Last,Oficina
707,Foreign Themselves,Oficina
708,Above Child,Oficina
709,Health Toward,Tecnología
710,Relate Not,Tecnología
711,Doctor Far,Oficina
712,Fast Science,Hogar
713,Discussion Color,Tecnología
714,Involve Start,Hogar
715,Wide Agent,Oficina
716,Expert Open,Tecnología
717,Start Remember,Hogar
718,Option Place,Tecnología
719,Rate Often,Tecnología
720,According Identify,Oficina
721,Today Ever,Hogar
722,Who Support,Oficina
723,Challenge Analysis,Oficina
724,Record Old,Oficina
725,Mind Challenge,Hogar
726,Training Only,Oficina
727,Usually Paper,Tecnología
728,Risk Manager,Oficina
729,Statement Bit,Oficina
730,Those Great,Oficina
731,Catch Animal,Tecnología
732,Forget Southern,Tecnología
733,Report Large,Tecnología
734,So Tree,Hogar
735,Large Blood,Tecnología
736,Government Human,Tecnología
737,Protect Cover,Oficina
738,Force Protect,Hogar
739,Officer Happy,Hogar
740,Learn Pattern,Tecnología
741,Where Law,Oficina
742,Forward Something,Oficina
743,Each Generation,Tecnología
744,Full Environment,Oficina
745,Run Unit,Oficina
746,Religious Shake,Tecnología
747,Just Age,Oficina
748,Become Another,Tecnología
749,Down Ability,Tecnología
750,Teach Outside,Tecnología
751,Whole Capital,Hogar
752,Single Expert,Tecnología
753,Buy Itself,Hogar
754,Week Fight,Tecnología
755,Cost Half,Hogar
756,Summer Night,Oficina
757,Still Action,Oficina
758,Company Future,Tecnología
759,Because Nation,Tecnología
760,Example Thing,Oficina
761,Machine Low,Hogar
762,Arm Remember,Tecnología
763,Others Goal,Oficina
764,Loss Leader,Hogar
765,Wrong Seven,Hogar
766,Agree Amount,Tecnología
767,Own Deal,Oficina
768,Firm Him,Oficina
769,Series Police,Tecnología
770,Dog Identify,Hogar
771,Concern Check,Hogar
772,Shoulder Modern,Tecnología
773,Left Do,Oficina
774,Show Purpose,Oficina
775,Focus End,Tecnología
776,Pm Thought,Hogar
777,Fear Old,Tecnología
778,Resource Mission,Tecnología
779,Final Factor,Hogar
780,Clearly Two,Hogar
781,Statement Whole,Tecnología
782,Per Pattern,Oficina
783,Why Those,Oficina
784,Federal Become,Tecnología
785,Number Manager,Hogar
786,Teach Direction,Tecnología
787,Development Miss,Oficina
788,Story Agency,Hogar
789,Together Explain,Hogar
790,Officer Include,Oficina
791,Under After,Tecnología
792,Whole Win,Hogar
793,Page Speech,Tecnología
794,Nor Few,Hogar
795,Him Reduce,Oficina
796,Difficult Baby,Tecnología
797,Explain Culture,Tecnología
798,Wait Eight,Oficina
799,Player Meet,Tecnología
800,Call Me,Tecnología
801,Question Similar,Oficina
802,Mrs Religious,Tecnología
803,Benefit Easy,Oficina
804,Color Meet,Hogar
805,Range Green,Tecnología
806,Avoid Into,Tecnología
807,Night The,Tecnología
808,Common Live,Hogar
809,Design Each,Tecnología
810,Suddenly Their,Tecnología
811,Write Attack,Oficina
812,Close Suggest,Hogar
813,Economic Beat,Hogar
814,About Government,Hogar
815,Fly Amount,Tecnología
816,Run Their,Hogar
817,Similar At,Hogar
818,Example Mouth,Hogar
819,Industry Congress,Tecnología
820,Check Course,Tecnología
821,Send Agreement,Tecnología
822,Now Training,Tecnología
823,Never Reason,Hogar
824,Accept Key,Tecnología
825,Physical If,Tecnología
826,Than Continue,Tecnología
827,Cultural Deal,Oficina
828,Include Food,Tecnología
829,Yet Leader,Hogar
830,They Notice,Tecnología
831,Seven Hear,Tecnología
832,Student Show,Tecnología
833,Assume Tend,Tecnología
834,Important Ask,Tecnología
835,Soldier Task,Tecnología
836,Perhaps Individual,Hogar
837,Cup Focus,Hogar
838,Poor Member,Oficina
839,Hour Sport,Hogar
840,Whole Ok,Oficina
841,My Various,Hogar
842,Class Effort,Tecnología
843,Member Age,Oficina
844,Responsibility Feeling,Hogar
845,Price Face,Oficina
846,Community Suffer,Tecnología
847,Reduce Fast,Tecnología
848,Set Movement,Hogar
849,Defense Job,Tecnología
850,Nothing Yard,Hogar
851,Indicate Like,Oficina
852,Entire Risk,Oficina
853,Agency Professor,Oficina
854,Mean Success,Tecnología
855,Air Air,Tecnología
856,Character Where,Oficina
857,Language Fear,Oficina
858,Large Company,Tecnología
859,For Organization,Oficina
860,Director Million,Oficina
861,Plant Part,Tecnología
862,Five Hope,Oficina
863,American Move,Oficina
864,Star According,Hogar
865,Actually Team,Hogar
866,Color Say,Oficina
867,World Owner,Tecnología
868,Despite Send,Oficina
869,Follow Political,Oficina
870,Again Usually,Tecnología
871,Hotel Loss,Tecnología
872,Choice West,Oficina
873,Avoid Too,Oficina
874,Add Technology,Tecnología
875,There International,Oficina
876,Series Art,Oficina
877,Activity Accept,Tecnología
878,Idea Training,Tecnología
879,Bag Skin,Tecnología
880,Gun Study,Hogar
881,Next Boy,Oficina
882,How Run,Tecnología
883,The Product,Hogar
884,Degree Nation,Tecnología
885,Open Star,Tecnología
886,Thus Sister,Oficina
887,Tend Agent,Tecnología
888,Yourself Science,Tecnología
889,Decade Recent,Tecnología
890,Along How,Tecnología
891,Music Old,Tecnología
892,Become Machine,Oficina
893,Soldier Region,Tecnología
894,Despite Oil,Oficina
895,Answer Hand,Oficina
896,Prove Production,Tecnología
897,Hair Apply,Oficina
898,Difficult Ready,Hogar
899,Girl Sound,Tecnología
900,Quite Defense,Oficina
901,Send Which,Tecnología
902,Threat Huge,Hogar
903,Might Yeah,Hogar
904,Street Billion,Hogar
905,House Remember,Oficina
906,Treatment Old,Tecnología
907,Stop Set,Oficina
908,Pull Really,Hogar
909,Care Second,Hogar
910,Commercial Agreement,Oficina
911,Voice Again,Oficina
912,Lead Hour,Hogar
913,Central Owner,Oficina
914,Production Purpose,Tecnología
915,Increase Whose,Oficina
916,Statement Allow,Hogar
917,College Poor,Hogar
918,Quite Type,Oficina
919,Entire Nor,Tecnología
920,Education Employee,Tecnología
921,Help Line,Hogar
922,Analysis Task,Tecnología
923,Side Power,Hogar
924,Number Sign,Oficina
925,Region Important,Tecnología
926,Later Moment,Tecnología
927,Before Home,Hogar
928,Behavior Employee,Hogar
929,Reveal Guy,Hogar
930,Win Activity,Tecnología
931,Director Simply,Oficina
932,Region Avoid,Oficina
933,Produce Arm,Tecnología
934,Station Whether,Tecnología
935,Trial Professor,Tecnología
936,Little Just,Oficina
937,Maybe Foreign,Tecnología
938,Condition Safe,Oficina
939,Clearly Beat,Tecnología
940,White Others,Tecnología
941,Beyond Assume,Oficina
942,Memory Among,Hogar
943,Happen Guess,Tecnología
944,They Wide,Oficina
945,House Point,Oficina
946,Become Agreement,Oficina
947,International Style,Tecnología
948,Nothing Character,Hogar
949,Plant Team,Tecnología
950,Raise Sense,Hogar
951,Sense Foot,Hogar
952,Already Hotel,Hogar
953,Those Near,Oficina
954,Compare Until,Oficina
955,Strong Tend,Hogar
956,Control See,Tecnología
957,Nearly Left,Tecnología
958,Arm Mouth,Tecnología
959,Avoid Over,Hogar
960,Understand Some,Hogar
961,Cover Generation,Oficina
962,Beyond Building,Hogar
963,Firm Off,Hogar
964,Traditional Section,Oficina
965,Argue Success,Hogar
966,Region Stage,Hogar
967,Something Sometimes,Oficina
968,Check Still,Oficina
969,Speak Evening,Oficina
970,Allow Life,Tecnología
971,Series Each,Tecnología
972,Seat Test,Oficina
973,Tough Against,Hogar
974,Station When,Hogar
975,Program Someone,Hogar
976,Painting Father,Oficina
977,Recently Clearly,Hogar
978,Term Factor,Tecnología
979,Carry Good,Tecnología
980,Manage Recent,Tecnología
981,Sometimes Of,Oficina
982,Public Religious,Tecnología
983,Goal Idea,Tecnología
984,Different Cell,Hogar
985,Student Sign,Tecnología
986,Realize Kid,Hogar
987,Player Arm,Tecnología
988,More Require,Hogar
989,Need Hit,Hogar
990,Hot Pass,Tecnología
991,Sell Raise,Tecnología
992,Final Night,Oficina
993,Local Experience,Hogar
994,Home High,Oficina
995,Camera Trip,Oficina
996,Bad Become,Oficina
997,Never Course,Oficina
998,Probably Statement,Hogar
999,Notice Determine,Hogar
1000,Certainly Well,Oficina
